Ticker,Company Name,Exchange
360ONE.NS,360 ONE WAM Limited,NSE
3MINDIA.NS,3M India Limited,NSE
AARTIDRUGS.NS,Aarti Drugs Limited,NSE
AARTIIND.NS,Aarti Industries Limited,NSE
AAVAS.NS,Aavas Financiers Limited,NSE
ABBOTINDIA.NS,Abbott India Limited,NSE
ABB.NS,ABB India Limited,NSE
ABCAPITAL.NS,Aditya Birla Capital Limited,NSE
ABFRL.NS,Aditya Birla Fashion and Retail Limited,NSE
ABSLAMC.NS,Aditya Birla Sun Life AMC Limited,NSE
ACC.NS,ACC Limited,NSE
ACE.NS,Action Construction Equipment Limited,NSE
ACTIONCONST.NS,Action Construction Equipment Limited,NSE
ADANIENSOL.NS,Adani Energy Solutions Limited,NSE
ADANIENT.NS,Adani Enterprises Limited,NSE
ADANIGREEN.NS,Adani Green Energy Limited,NSE
ADANIPORTS.NS,Adani Ports and Special Economic Zone Limited,NSE
ADANIPOWER.NS,Adani Power Limited,NSE
AWL.NS,Adani Wilmar Limited,NSE
AEGISCHEM.NS,Aegis Logistics Limited,NSE
AFFLE.NS,Affle (India) Limited,NSE
AIAENG.NS,AIA Engineering Limited,NSE
AJANTPHARM.NS,Ajanta Pharma Limited,NSE
APLLTD.NS,Alembic Pharmaceuticals Limited,NSE
ALKEM.NS,Alkem Laboratories Limited,NSE
ALKYLAMINE.NS,Alkyl Amines Chemicals Limited,NSE
ALLCARGO.NS,Allcargo Logistics Limited,NSE
ALOKINDS.NS,Alok Industries Limited,NSE
AMBER.NS,Amber Enterprises India Limited,NSE
AMBUJACEM.NS,Ambuja Cements Limited,NSE
ANANDRATHI.NS,Anand Rathi Wealth Limited,NSE
ANGELONE.NS,Angel One Limited,NSE
ANURAS.NS,Anupam Rasayan India Limited,NSE
APARINDS.NS,Apar Industries Limited,NSE
APLAPOLLO.NS,APL Apollo Tubes Limited,NSE
APOLLOHOSP.NS,Apollo Hospitals Enterprise Limited,NSE
APOLLOTYRE.NS,Apollo Tyres Limited,NSE
APTUS.NS,Aptus Value Housing Finance India Limited,NSE
ARE&M.NS,Amara Raja Energy & Mobility Limited,NSE
ASAHIINDIA.NS,Asahi India Glass Limited,NSE
ASHOKLEY.NS,Ashok Leyland Limited,NSE
ASIANPAINT.NS,Asian Paints Limited,NSE
ASTERDM.NS,Aster DM Healthcare Limited,NSE
ASTRAL.NS,Astral Limited,NSE
ATGL.NS,Adani Total Gas Limited,NSE
ATUL.NS,Atul Limited,NSE
AUBANK.NS,AU Small Finance Bank Limited,NSE
AUROPHARMA.NS,Aurobindo Pharma Limited,NSE
AVANTIFEED.NS,Avanti Feeds Limited,NSE
AXISBANK.NS,Axis Bank Limited,NSE
BAJAJ-AUTO.NS,Bajaj Auto Limited,NSE
BAJAJFINSV.NS,Bajaj Finserv Limited,NSE
BAJAJHLDNG.NS,Bajaj Holdings & Investment Limited,NSE
BAJFINANCE.NS,Bajaj Finance Limited,NSE
BALAMINES.NS,Balaji Amines Limited,NSE
BALKRISIND.NS,Balkrishna Industries Limited,NSE
BALRAMCHIN.NS,Balrampur Chini Mills Limited,NSE
BANDHANBNK.NS,Bandhan Bank Limited,NSE
BANKBARODA.NS,Bank of Baroda,NSE
BANKINDIA.NS,Bank of India,NSE
MAHABANK.NS,Bank of Maharashtra,NSE
BATAINDIA.NS,Bata India Limited,NSE
BAYERCROP.NS,Bayer CropScience Limited,NSE
BDL.NS,Bharat Dynamics Limited,NSE
BEL.NS,Bharat Electronics Limited,NSE
BEML.NS,BEML Limited,NSE
BERGEPAINT.NS,Berger Paints India Limited,NSE
BFUTILITIE.NS,BF Utilities Limited,NSE
BHARATFORG.NS,Bharat Forge Limited,NSE
BHARATGEAR.NS,Bharat Gears Limited,NSE
BHARATRAS.NS,Bharat Rasayan Limited,NSE
BHARTIARTL.NS,Bharti Airtel Limited,NSE
BHEL.NS,Bharat Heavy Electricals Limited,NSE
BIOCON.NS,Biocon Limited,NSE
BIRLACORPN.NS,Birla Corporation Limited,NSE
BSOFT.NS,Birlasoft Limited,NSE
BLS.NS,BLS International Services Limited,NSE
BLUESTARCO.NS,Blue Star Limited,NSE
BOSCHLTD.NS,Bosch Limited,NSE
BPCL.NS,Bharat Petroleum Corporation Limited,NSE
BRIGADE.NS,Brigade Enterprises Limited,NSE
BRITANNIA.NS,Britannia Industries Limited,NSE
BSE.NS,BSE Limited,NSE
CAMPUS.NS,Campus Activewear Limited,NSE
CAMS.NS,Computer Age Management Services Limited,NSE
CANBK.NS,Canara Bank,NSE
CANFINHOME.NS,Can Fin Homes Limited,NSE
CAPLIPOINT.NS,Caplin Point Laboratories Limited,NSE
CGPOWER.NS,CG Power and Industrial Solutions Limited,NSE
CARBORUNIV.NS,Carborundum Universal Limited,NSE
CASTROLIND.NS,Castrol India Limited,NSE
CEATLTD.NS,CEAT Limited,NSE
CENTRALBK.NS,Central Bank of India,NSE
CDSL.NS,Central Depository Services (India) Limited,NSE
CENTURYPLY.NS,Century Plyboards (India) Limited,NSE
CENTURYTEX.NS,Century Textiles & Industries Limited,NSE
CESC.NS,CESC Limited,NSE
CHAMBLFERT.NS,Chambal Fertilisers and Chemicals Limited,NSE
CHENAIPETRO.NS,Chennai Petroleum Corporation Limited,NSE
CHOICEIN.NS,Choice International Limited,NSE
CHOLAFIN.NS,Cholamandalam Investment and Finance Company Limited,NSE
CHOLAHLDNG.NS,Cholamandalam Financial Holdings Limited,NSE
CIEINDIA.NS,CIE Automotive India Limited,NSE
CIPLA.NS,Cipla Limited,NSE
CLEAN.NS,Clean Science and Technology Limited,NSE
COALINDIA.NS,Coal India Limited,NSE
COCHINSHIP.NS,Cochin Shipyard Limited,NSE
COFORGE.NS,Coforge Limited,NSE
COLPAL.NS,Colgate Palmolive (India) Limited,NSE
CONCOR.NS,Container Corporation of India Limited,NSE
COROMANDEL.NS,Coromandel International Limited,NSE
CRAFTSMAN.NS,Craftsman Automation Limited,NSE
CREDITACC.NS,CreditAccess Grameen Limited,NSE
CRISIL.NS,CRISIL Limited,NSE
CROMPTON.NS,Crompton Greaves Consumer Electricals Limited,NSE
CUB.NS,City Union Bank Limited,NSE
CUMMINSIND.NS,Cummins India Limited,NSE
CYIENT.NS,Cyient Limited,NSE
DABUR.NS,Dabur India Limited,NSE
DALBHARAT.NS,Dalmia Bharat Limited,NSE
DATAPATTNS.NS,Data Patterns (India) Limited,NSE
DEEPAKFERT.NS,Deepak Fertilisers and Petrochemicals Corporation Limited,NSE
DEEPAKNTR.NS,Deepak Nitrite Limited,NSE
DELHIVERY.NS,Delhivery Limited,NSE
DELTACORP.NS,Delta Corp Limited,NSE
DEVYANI.NS,Devyani International Limited,NSE
DIXON.NS,Dixon Technologies (India) Limited,NSE
DIVISLAB.NS,Divi's Laboratories Limited,NSE
DLF.NS,DLF Limited,NSE
DMART.NS,Avenue Supermarts Limited,NSE
DRREDDY.NS,Dr. Reddy's Laboratories Limited,NSE
ECLERX.NS,eClerx Services Limited,NSE
EICHERMOT.NS,EICHER MOTORS LIMITED,NSE
EIDPARRY.NS,E.I.D. - Parry (India) Limited,NSE
EIHOTEL.NS,EIH Limited,NSE
ELECON.NS,Elecon Engineering Company Limited,NSE
ELGIEQUIP.NS,Elgi Equipments Limited,NSE
EMAMILTD.NS,Emami Limited,NSE
ENDURANCE.NS,Endurance Technologies Limited,NSE
ENGINERSIN.NS,Engineers India Limited,NSE
EQUITASBNK.NS,Equitas Small Finance Bank Limited,NSE
ERIS.NS,Eris Lifesciences Limited,NSE
ESCORTS.NS,Escorts Kubota Limited,NSE
EXIDEIND.NS,Exide Industries Limited,NSE
FACT.NS,Fertilisers And Chemicals Travancore Limited,NSE
FEDERALBNK.NS,The Federal Bank Limited,NSE
FINCABLES.NS,Finolex Cables Limited,NSE
FINPIPE.NS,Finolex Industries Limited,NSE
FIVESTAR.NS,Five-Star Business Finance Limited,NSE
FLUOROCHEM.NS,Gujarat Fluorochemicals Limited,NSE
FORTIS.NS,Fortis Healthcare Limited,NSE
FSL.NS,Firstsource Solutions Limited,NSE
GAIL.NS,GAIL (India) Limited,NSE
GALAXYSURF.NS,Galaxy Surfactants Limited,NSE
GARFIBRES.NS,Garware Technical Fibres Limited,NSE
GESHIP.NS,The Great Eastern Shipping Company Limited,NSE
GICRE.NS,General Insurance Corporation of India,NSE
GILLETTE.NS,Gillette India Limited,NSE
GLAND.NS,Gland Pharma Limited,NSE
GLAXO.NS,GlaxoSmithKline Pharmaceuticals Limited,NSE
GLENMARK.NS,Glenmark Pharmaceuticals Limited,NSE
MEDANTA.NS,Global Health Limited,NSE
GODFRYPHLP.NS,Godfrey Phillips India Limited,NSE
GODREJAGRO.NS,Godrej Agrovet Limited,NSE
GODREJCP.NS,Godrej Consumer Products Limited,NSE
GODREJIND.NS,Godrej Industries Limited,NSE
GODREJPROP.NS,Godrej Properties Limited,NSE
GRANULES.NS,Granules India Limited,NSE
GRAPHITE.NS,Graphite India Limited,NSE
GRASIM.NS,Grasim Industries Limited,NSE
GRAVITA.NS,Gravita India Limited,NSE
GREAVESCOT.NS,Greaves Cotton Limited,NSE
GRINDWELL.NS,Grindwell Norton Limited,NSE
GRSE.NS,Garden Reach Shipbuilders & Engineers Limited,NSE
GSFC.NS,Gujarat State Fertilizers & Chemicals Limited,NSE
GSPL.NS,Gujarat State Petronet Limited,NSE
GUJGASLTD.NS,Gujarat Gas Limited,NSE
GNFC.NS,Gujarat Narmada Valley Fertilizers & Chemicals Limited,NSE
GPPL.NS,Gujarat Pipavav Port Limited,NSE
GMDCLTD.NS,Gujarat Mineral Development Corporation Limited,NSE
HAPPSTMNDS.NS,Happiest Minds Technologies Limited,NSE
HAL.NS,Hindustan Aeronautics Limited,NSE
HAVELLS.NS,Havells India Limited,NSE
HCLTECH.NS,HCL Technologies Limited,NSE
HDFCAMC.NS,HDFC Asset Management Company Limited,NSE
HDFCBANK.NS,HDFC Bank Limited,NSE
HDFCLIFE.NS,HDFC Life Insurance Company Limited,NSE
HEG.NS,HEG Limited,NSE
HEROMOTOCO.NS,Hero MotoCorp Limited,NSE
HFCL.NS,HFCL Limited,NSE
HGINFRA.NS,H.G. Infra Engineering Limited,NSE
HIKAL.NS,Hikal Limited,NSE
HINDALCO.NS,Hindalco Industries Limited,NSE
HINDCOPPER.NS,Hindustan Copper Limited,NSE
HINDPETRO.NS,Hindustan Petroleum Corporation Limited,NSE
HINDUNILVR.NS,Hindustan Unilever Limited,NSE
HINDZINC.NS,Hindustan Zinc Limited,NSE
HOMEFIRST.NS,Home First Finance Company India Limited,NSE
HONAUT.NS,Honeywell Automation India Limited,NSE
HUDCO.NS,Housing & Urban Development Corporation Limited,NSE
HYUNDAI.NS,Hyundai Motor India Limited,NSE
ICICIAMC.NS,ICICI Prudential Asset Management Company,NSE
ICICIBANK.NS,ICICI Bank Limited,NSE
ICICIGI.NS,ICICI Lombard General Insurance Company Limited,NSE
ICICIPRULI.NS,ICICI Prudential Life Insurance Company Limited,NSE
IDBI.NS,IDBI Bank Limited,NSE
IDFCFIRSTB.NS,IDFC First Bank Limited,NSE
IEX.NS,Indian Energy Exchange Limited,NSE
IFCI.NS,IFCI Limited,NSE
IGL.NS,Indraprastha Gas Limited,NSE
IIFL.NS,IIFL Finance Limited,NSE
INDHOTEL.NS,The Indian Hotels Company Limited,NSE
INDIACEM.NS,The India Cements Limited,NSE
INDIAMART.NS,IndiaMART InterMESH Limited,NSE
INDIANB.NS,Indian Bank,NSE
INDIGO.NS,InterGlobe Aviation Limited,NSE
INDUSINDBK.NS,IndusInd Bank Limited,NSE
INDUSTOWER.NS,Indus Towers Limited,NSE
INFIBEAM.NS,Infibeam Avenues Limited,NSE
NAUKRI.NS,Info Edge (India) Limited,NSE
INFY.NS,Infosys Limited,NSE
INOXWIND.NS,INOX Wind Limited,NSE
INTELLECT.NS,Intellect Design Arena Limited,NSE
IOB.NS,Indian Overseas Bank,NSE
IOC.NS,Indian Oil Corporation Limited,NSE
IPCALAB.NS,IPCA Laboratories Limited,NSE
IRB.NS,IRB Infrastructure Developers Limited,NSE
IRCON.NS,Ircon International Limited,NSE
IRCTC.NS,Indian Railway Catering And Tourism Corporation Limited,NSE
IRFC.NS,Indian Railway Finance Corporation Limited,NSE
IREDA.NS,Indian Renewable Energy Development Agency Limited,NSE
ITC.NS,ITC Limited,NSE
ITI.NS,ITI Limited,NSE
J&KBANK.NS,The Jammu & Kashmir Bank Limited,NSE
JBCHEPHARM.NS,JB Chemicals & Pharmaceuticals Limited,NSE
JBMA.NS,JBM Auto Limited,NSE
JINDALSAW.NS,Jindal Saw Limited,NSE
JSL.NS,Jindal Stainless Limited,NSE
JINDALSTEL.NS,Jindal Steel & Power Limited,NSE
JIOFIN.NS,Jio Financial Services Limited,NSE
JKCEMENT.NS,JK Cement Limited,NSE
JKLAKSHMI.NS,JK Lakshmi Cement Limited,NSE
JKPAPER.NS,JK Paper Limited,NSE
JKTYRE.NS,JK Tyre & Industries Limited,NSE
JMFINANCIL.NS,JM Financial Limited,NSE
JPPOWER.NS,Jaiprakash Power Ventures Limited,NSE
JSWENERGY.NS,JSW Energy Limited,NSE
JSWINFRA.NS,JSW Infrastructure Limited,NSE
JSWSTEEL.NS,JSW Steel Limited,NSE
JUBLFOOD.NS,Jubilant FoodWorks Limited,NSE
JUBLINGREA.NS,Jubilant Ingrevia Limited,NSE
JUBLPHARMA.NS,Jubilant Pharmova Limited,NSE
JUSTDIAL.NS,Just Dial Limited,NSE
JYOTHYLAB.NS,Jyothy Labs Limited,NSE
KAJARIACER.NS,Kajaria Ceramics Limited,NSE
KPIL.NS,Kalpataru Projects International Limited,NSE
KALYANKJIL.NS,Kalyan Jewellers India Limited,NSE
KANSAINER.NS,Kansai Nerolac Paints Limited,NSE
KARURVYSYA.NS,The Karur Vysya Bank Limited,NSE
KEC.NS,KEC International Limited,NSE
KEI.NS,KEI Industries Limited,NSE
KFINTECH.NS,KFin Technologies Limited,NSE
KIMS.NS,Krishna Institute of Medical Sciences Limited,NSE
KIRLOSENG.NS,Kirloskar Oil Engines Limited,NSE
KNRCON.NS,KNR Constructions Limited,NSE
KOTAKBANK.NS,Kotak Mahindra Bank Limited,NSE
KPITTECH.NS,KPIT Technologies Limited,NSE
KPRMILL.NS,K.P.R. Mill Limited,NSE
KRBL.NS,KRBL Limited,NSE
KSB.NS,KSB Limited,NSE
LALPATHLAB.NS,Dr. Lal PathLabs Limited,NSE
LAURUSLABS.NS,Laurus Labs Limited,NSE
LEMONTREE.NS,Lemon Tree Hotels Limited,NSE
LICHSGFIN.NS,LIC Housing Finance Limited,NSE
LICI.NS,Life Insurance Corporation of India,NSE
LINDEINDIA.NS,Linde India Limited,NSE
LODHA.NS,Macrotech Developers Limited,NSE
LT.NS,Larsen & Toubro Limited,NSE
LTIM.NS,LTIMindtree Limited,NSE
LTTS.NS,L&T Technology Services Limited,NSE
LUPIN.NS,Lupin Limited,NSE
LUXIND.NS,Lux Industries Limited,NSE
M&M.NS,Mahindra & Mahindra Limited,NSE
M&MFIN.NS,Mahindra & Mahindra Financial Services Limited,NSE
MAZDOCK.NS,Mazagon Dock Shipbuilders Limited,NSE
MAHSEAMLES.NS,Maharashtra Seamless Limited,NSE
MANAPPURAM.NS,Manappuram Finance Limited,NSE
MANKIND.NS,Mankind Pharma Limited,NSE
MARICO.NS,Marico Limited,NSE
MARUTI.NS,Maruti Suzuki India Limited,NSE
MASTEK.NS,Mastek Limited,NSE
MAXHEALTH.NS,Max Healthcare Institute Limited,NSE
MCX.NS,Multi Commodity Exchange of India Limited,NSE
MEDPLUS.NS,MedPlus Health Services Limited,NSE
METROPOLIS.NS,Metropolis Healthcare Limited,NSE
MFSL.NS,Max Financial Services Limited,NSE
MGL.NS,Mahanagar Gas Limited,NSE
MINDACORP.NS,Minda Corporation Limited,NSE
MSUMI.NS,Motherson Sumi Wiring India Limited,NSE
MOIL.NS,MOIL Limited,NSE
MOTILALOFS.NS,Motilal Oswal Financial Services Limited,NSE
MPHASIS.NS,Mphasis Limited,NSE
MRF.NS,MRF Limited,NSE
MRPL.NS,Mangalore Refinery and Petrochemicals Limited,NSE
MTARTECH.NS,MTAR Technologies Limited,NSE
MUTHOOTFIN.NS,Muthoot Finance Limited,NSE
NATCOPHARM.NS,Natco Pharma Limited,NSE
NATIONALUM.NS,National Aluminium Company Limited,NSE
NAVINFLUOR.NS,Navin Fluorine International Limited,NSE
NBCC.NS,NBCC (India) Limited,NSE
NCC.NS,NCC Limited,NSE
NESCO.NS,Nesco Limited,NSE
NESTLEIND.NS,Nestle India Limited,NSE
NETWEB.NS,Netweb Technologies India Limited,NSE
NH.NS,Narayana Hrudayalaya Limited,NSE
NHPC.NS,NHPC Limited,NSE
NIACL.NS,The New India Assurance Company Limited,NSE
NLCINDIA.NS,NLC India Limited,NSE
NMDC.NS,NMDC Limited,NSE
NOCIL.NS,NOCIL Limited,NSE
NTPC.NS,NTPC Limited,NSE
NYKAA.NS,FSN E-Commerce Ventures Limited (Nykaa),NSE
OBEROIRLTY.NS,Oberoi Realty Limited,NSE
OFSS.NS,Oracle Financial Services Software Limited,NSE
OIL.NS,Oil India Limited,NSE
OLECTRA.NS,Olectra Greentech Limited,NSE
ONGC.NS,Oil & Natural Gas Corporation Limited,NSE
PAGEIND.NS,Page Industries Limited,NSE
PATANJALI.NS,Patanjali Foods Limited,NSE
PAYTM.NS,One 97 Communications Limited (Paytm),NSE
PCBL.NS,PCBL Limited,NSE
PERSISTENT.NS,Persistent Systems Limited,NSE
PETRONET.NS,Petronet LNG Limited,NSE
PFC.NS,Power Finance Corporation Limited,NSE
PHOENIXLTD.NS,The Phoenix Mills Limited,NSE
PIDILITIND.NS,Pidilite Industries Limited,NSE
PIIND.NS,PI Industries Limited,NSE
PNB.NS,Punjab National Bank,NSE
PNBHOUSING.NS,PNB Housing Finance Limited,NSE
PNCINFRA.NS,PNC Infratech Limited,NSE
POLICYBZR.NS,PB Fintech Limited (Policybazaar),NSE
POLYCAB.NS,Polycab India Limited,NSE
POLYMED.NS,Poly Medicure Limited,NSE
POONAWALLA.NS,Poonawalla Fincorp Limited,NSE
POWERGRID.NS,Power Grid Corporation of India Limited,NSE
PRESTIGE.NS,Prestige Estates Projects Limited,NSE
PRINCEPIPE.NS,Prince Pipes and Fittings Limited,NSE
PVRINOX.NS,PVR INOX Limited,NSE
RADICO.NS,Radico Khaitan Limited,NSE
RVNL.NS,Rail Vikas Nigam Limited,NSE
RAILTEL.NS,RailTel Corporation of India Limited,NSE
RAIN.NS,Rain Industries Limited,NSE
RAJESHEXPO.NS,Rajesh Exports Limited,NSE
RAMCOCEM.NS,The Ramco Cements Limited,NSE
RBLBANK.NS,RBL Bank Limited,NSE
RECLTD.NS,REC Limited,NSE
REDINGTON.NS,Redington Limited,NSE
RELIANCE.NS,Reliance Industries Limited,NSE
RENUKA.NS,Shree Renuka Sugars Limited,NSE
RHIM.NS,RHI Magnesita India Limited,NSE
RITES.NS,RITES Limited,NSE
RKFORGE.NS,Ramkrishna Forgings Limited,NSE
RPOWER.NS,Reliance Power Limited,NSE
ROUTE.NS,Route Mobile Limited,NSE
SBFC.NS,SBFC Finance Limited,NSE
SBICARD.NS,SBI Cards and Payment Services Limited,NSE
SBILIFE.NS,SBI Life Insurance Company Limited,NSE
SBIN.NS,State Bank of India,NSE
SCHAEFFLER.NS,Schaeffler India Limited,NSE
SCI.NS,Shipping Corporation of India Limited,NSE
SHARDACROP.NS,Sharda Cropchem Limited,NSE
SHREECEM.NS,Shree Cement Limited,NSE
SHRIRAMFIN.NS,Shriram Finance Limited,NSE
SHYAMMETL.NS,Shyam Metalics and Energy Limited,NSE
SIEMENS.NS,Siemens Limited,NSE
SIGNATURE.NS,Signatureglobal (India) Limited,NSE
SJVN.NS,SJVN Limited,NSE
SKFINDIA.NS,SKF India Limited,NSE
SOBHA.NS,Sobha Limited,NSE
SOLARINDS.NS,Solar Industries India Limited,NSE
SONACOMS.NS,Sona BLW Precision Forgings Limited,NSE
SONATSOFTW.NS,Sonata Software Limited,NSE
SRF.NS,SRF Limited,NSE
STARHEALTH.NS,Star Health and Allied Insurance Company Limited,NSE
STLTECH.NS,Sterlite Technologies Limited,NSE
SUMICHEM.NS,Sumitomo Chemical India Limited,NSE
SUNDARMFIN.NS,Sundaram Finance Limited,NSE
SUNDRMFAST.NS,Sundram Fasteners Limited,NSE
SUNPHARMA.NS,Sun Pharmaceutical Industries Limited,NSE
SUNTV.NS,Sun TV Network Limited,NSE
SUPREMEIND.NS,Supreme Industries Limited,NSE
SUZLON.NS,Suzlon Energy Limited,NSE
SWANENERGY.NS,Swan Energy Limited,NSE
SYNGENE.NS,Syngene International Limited,NSE
SYRMA.NS,Syrma SGS Technology Limited,NSE
TATACHEM.NS,Tata Chemicals Limited,NSE
TATACOMM.NS,Tata Communications Limited,NSE
TATACONSUM.NS,Tata Consumer Products Limited,NSE
TATAELXSI.NS,Tata Elxsi Limited,NSE
TATAINVEST.NS,Tata Investment Corporation Limited,NSE
TATAMOTORS.NS,Tata Motors Limited,NSE
TATAPOWER.NS,Tata Power Company Limited,NSE
TATASTEEL.NS,Tata Steel Limited,NSE
TATATECH.NS,Tata Technologies Limited,NSE
TTML.NS,Tata Teleservices (Maharashtra) Limited,NSE
TCS.NS,Tata Consultancy Services Limited,NSE
TECHM.NS,Tech Mahindra Limited,NSE
TEJASNET.NS,Tejas Networks Limited,NSE
THERMAX.NS,Thermax Limited,NSE
TIINDIA.NS,Tube Investments of India Limited,NSE
TIMKEN.NS,Timken India Limited,NSE
TITAGARH.NS,Titagarh Rail Systems Limited,NSE
TITAN.NS,Titan Company Limited,NSE
TMCV.NS,Tata Motors Limited (DVR/CV),NSE
TORNTPHARM.NS,Torrent Pharmaceuticals Limited,NSE
TORNTPOWER.NS,Torrent Power Limited,NSE
TRENT.NS,Trent Limited,NSE
TRIDENT.NS,Trident Limited,NSE
TRIVENI.NS,Triveni Engineering & Industries Limited,NSE
TRITURBINE.NS,Triveni Turbine Limited,NSE
TVSMOTOR.NS,TVS Motor Company Limited,NSE
UBL.NS,United Breweries Limited,NSE
UCOBANK.NS,UCO Bank,NSE
ULTRACEMCO.NS,UltraTech Cement Limited,NSE
UNIONBANK.NS,Union Bank of India,NSE
UNITDSPR.NS,United Spirits Limited,NSE
UNOMINDA.NS,Uno Minda Limited,NSE
UPL.NS,UPL Limited,NSE
USHAMART.NS,Usha Martin Limited,NSE
UTIAMC.NS,UTI Asset Management Company Limited,NSE
VAIBHAVGBL.NS,Vaibhav Global Limited,NSE
VAKRANGEE.NS,Vakrangee Limited,NSE
VARROC.NS,Varroc Engineering Limited,NSE
VBL.NS,Varun Beverages Limited,NSE
VEDL.NS,Vedanta Limited,NSE
VIJAYA.NS,Vijaya Diagnostic Centre Limited,NSE
VINATIORGA.NS,Vinati Organics Limited,NSE
VIPIND.NS,VIP Industries Limited,NSE
VOLTAS.NS,Voltas Limited,NSE
VTL.NS,Vardhman Textiles Limited,NSE
WELCORP.NS,Welspun Corp Limited,NSE
WELSPUNLIV.NS,Welspun Living Limited,NSE
WESTLIFE.NS,Westlife Foodworld Limited,NSE
WHIRLPOOL.NS,Whirlpool of India Limited,NSE
WIPRO.NS,Wipro Limited,NSE
WOCKPHARMA.NS,Wockhardt Limited,NSE
YESBANK.NS,Yes Bank Limited,NSE
ZEEL.NS,Zee Entertainment Enterprises Limited,NSE
ZENSARTECH.NS,Zensar Technologies Limited,NSE
ZFCVINDIA.NS,ZF Commercial Vehicle Control Systems India Limited,NSE
ZOMATO.NS,Zomato Limited,NSE
ZYDUSLIFE.NS,Zydus Lifesciences Limited,NSE
ZYDUSWELL.NS,Zydus Wellness Limited,NSE
